league_id,sub_league_id,division_id,team_id
100,0,0,2
100,0,0,3
100,0,0,9
100,0,0,12
100,0,0,14
100,0,1,4
100,0,1,5
100,0,1,6
100,0,1,7
100,0,1,8
100,0,2,21
100,0,2,1
100,0,2,10
100,0,2,11
100,0,2,13
100,1,0,16
100,1,0,20
100,1,0,25
100,1,0,26
100,1,0,24
100,1,1,17
100,1,1,18
100,1,1,23
100,1,1,27
100,1,1,30
100,1,2,15
100,1,2,19
100,1,2,22
100,1,2,28
100,1,2,29
